timestamp	stars_AI-Tournaments.github.io	stars_Worm-Arena	stars_Kalaha-Replay	stars_Kalaha-Arena	stars_Participant-Template	stars_Arena-Template	stars_Interface-Template	stars_Community	stars_Replay-Template	stars_.github	stars_Worm-Replay	stars_Backend	stars_Arena-Manager	stars_total	incomplete_results	stars_P2P-Interface	stars_Kalaha-Replay-old	stars_Surveys	stars_Worm-Replay-old	stars_Arena-Worm	stars_Arena-Kalaha	stars_backend
2022-08-21T05:03:19.593Z	2	1	1	1	0	0	0	0	0	0	0	0	0	5								
2022-08-22T00:38:25.066Z	2	1	1	1	0	0	0	0	0	0	0	0	0	5								
2022-08-23T00:43:45.735Z	2	1	1	1	0	0	0	0	0	0	0	0	0	5								
2022-08-24T00:39:49.687Z	2	1	1	1	0	0	0	0	0	0	0	0	0	5								
2022-08-25T00:42:21.343Z	2	1	1	1	0	0	0	0	0	0	0	0	0	5								
2022-08-26T00:38:55.709Z	2	1	1	1	0	0	0	0	0	0	0	0	0	5								
2022-08-27T00:33:43.482Z	2	1	1	1	0	0	0	0	0	0	0	0	0	5								
2022-08-28T00:39:56.312Z	2	1	1	1	0	0	0	0	0	0	0	0	0	5								
2022-08-29T00:40:49.010Z	2	1	1	1	0	0	0	0	0	0	0	0	0	5								
2022-08-30T00:44:36.969Z	2	1	1	1	0	0	0	0	0	0	0	0	0	5								
2022-08-31T00:46:55.574Z	2	1	1	1	0	0	0	0	0	0	0	0	0	5								
2022-09-01T00:35:19.425Z	2	1	1	1	0	0	0	0	0	0	0	0	0	5								
2022-09-02T00:39:02.847Z	2	1	1	1	0	0	0	0	0	0	0	0	0	5								
2022-09-03T00:34:26.630Z	2	1	1	1	0	0	0	0	0	0	0	0	0	5								
2022-09-04T00:40:05.428Z	2	1	1	1	0	0	0	0	0	0	0	0	0	5								
2022-09-05T00:43:42.674Z	2	1	1	1	0	0	0	0	0	0	0	0	0	5								
2022-09-06T00:41:35.008Z	2	1	1	1	0	0	0	0	0	0	0	0	0	5								
2022-09-07T00:40:23.152Z	2	1	1	1	0	0	0	0	0	0	0	0	0	5								
2022-09-08T00:39:01.854Z	2	1	1	1	0	0	0	0	0	0	0	0	0	5								
2022-09-09T00:40:57.977Z	2	1	1	1	0	0	0	0	0	0	0	0	0	5								
2022-09-10T00:41:08.664Z	2	1	1	1	0	0	0	0	0	0	0	0	0	5								
2022-09-11T00:38:59.865Z	2	1	1	1	0	0	0	0	0	0	0	0	0	5								
2022-09-12T00:37:58.293Z	2	1	1	1	0	0	0	0	0	0	0	0	0	5								
2022-09-13T00:40:55.637Z	2	1	1	1	0	0	0	0	0	0	0	0	0	5								
2022-09-14T00:38:57.186Z	2	1	1	1	0	0	0	0	0	0	0	0	0	5								
2022-09-15T00:43:16.351Z	2	1	1	1	0	0	0	0	0	0	0	0	0	5								
2022-09-16T00:41:56.881Z	2	1	1	1	0	0	0	0	0	0	0	0	0	5								
2022-09-17T00:37:03.536Z	2	1	1	1	0	0	0	0	0	0	0	0	0	5								
2022-09-18T00:42:57.434Z	2	1	1	1	0	0	0	0	0	0	0	0	0	5								
2022-09-19T00:40:30.652Z	2	1	1	1	0	0	0	0	0	0	0	0	0	5								
2022-09-20T00:41:39.068Z	2	1	1	1	0	0	0	0	0	0	0	0	0	5								
2022-09-21T00:44:09.598Z	2	1	1	1	0	0	0	0	0	0	0	0	0	5								
2022-09-22T00:41:18.906Z	2	1	1	1	0	0	0	0	0	0	0	0	0	5								
2022-09-23T00:47:29.541Z	2	1	1	1	0	0	0	0	0	0	0	0	0	5								
2022-09-24T00:44:22.596Z	2	1	1	1	0	0	0	0	0	0	0	0	0	5								
2022-09-25T00:39:49.521Z	2	1	1	1	0	0	0	0	0	0	0	0	0	5								
2022-09-26T00:43:17.629Z	2	1	1	1	0	0	0	0	0	0	0	0	0	5								
2022-09-27T00:47:12.773Z	2	1	1	1	0	0	0	0	0	0	0	0	0	5								
2022-09-28T00:49:32.463Z	2	1	1	1	0	0	0	0	0	0	0	0	0	5								
2022-09-29T00:54:33.281Z	2	1	1	1	0	0	0	0	0	0	0	0	0	5								
2022-09-30T01:05:27.810Z	2	1	1	1	0	0	0	0	0	0	0	0	0	5								
2022-10-01T00:59:51.678Z	2	1	1	1	0	0	0	0	0	0	0	0	0	5								
2022-10-02T00:51:24.943Z	2	1	1	1	0	0	0	0	0	0	0	0	0	5								
2022-10-03T00:43:08.565Z	2	1	1	1	0	0	0	0	0	0	0	0	0	5								
2022-10-04T00:53:44.443Z	2	1	1	1	0	0	0	0	0	0	0	0	0	5								
2022-10-05T00:52:51.330Z	2	1	1	1	0	0	0	0	0	0	0	0	0	5								
2022-10-06T00:46:15.601Z	2	1	1	1	0	0	0	0	0	0	0	0	0	5								
2022-10-07T00:58:36.201Z	2	1	1	1	0	0	0	0	0	0	0	0	0	5								
2022-10-08T00:41:53.183Z	2	1	1	1	0	0	0	0	0	0	0	0	0	5								
2022-10-09T00:43:12.042Z	2	1	1	1	0	0	0	0	0	0	0	0	0	5								
2022-10-10T00:51:10.357Z	2	1	1	1	0	0	0	0	0	0	0	0	0	5								
2022-10-11T00:44:17.554Z	2	1	1	1	0	0	0	0	0	0	0	0	0	5								
2022-10-12T00:57:21.400Z	2	1	1	1	0	0	0	0	0	0	0	0	0	5								
2022-10-13T00:49:56.963Z	2	1	1	1	0	0	0	0	0	0	0	0	0	5								
2022-10-14T00:57:12.101Z	2	1	1	1	0	0	0	0	0	0	0	0	0	5								
2022-10-15T00:49:21.578Z	2	1	1	1	0	0	0	0	0	0	0	0	0	5								
2022-10-16T00:51:26.051Z	2	1	1	1	0	0	0	0	0	0	0	0	0	5								
2022-10-17T00:54:31.825Z	2	1	1	1	0	0	0	0	0	0	0	0	0	5								
2022-10-18T00:50:09.086Z	2	1	1	1	0	0	0	0	0	0	0	0	0	5								
2022-10-19T00:52:03.608Z	2	1	1	1	0	0	0	0	0	0	0	0	0	5								
2022-10-20T00:44:24.357Z	2	1	1	1	0	0	0	0	0	0	0	0	0	5								
2022-10-21T00:43:24.879Z	2	1	1	1	0	0	0	0	0	0	0	0	0	5								
2022-10-22T00:52:16.272Z	2	1	1	1	0	0	0	0	0	0	0	0	0	5								
2022-10-23T00:50:21.391Z	2	1	1	1	0	0	0	0	0	0	0	0	0	5								
2022-10-24T00:56:32.993Z	2	1	1	1	0	0	0	0	0	0	0	0	0	5								
2022-10-25T00:54:09.121Z	2	1	1	1	0	0	0	0	0	0	0	0	0	5								
2022-10-26T00:40:20.679Z	2	1	1	1	0	0	0	0	0	0	0	0	0	5								
2022-10-27T00:43:05.546Z	2	1	1	1	0	0	0	0	0	0	0	0	0	5								
2022-10-28T00:44:01.294Z	2	1	1	1	0	0	0	0	0	0	0	0	0	5								
2022-10-29T00:34:51.711Z	2	1	1	1	0	0	0	0	0	0	0	0	0	5								
2022-10-30T00:45:47.693Z	2	1	1	1	0	0	0	0	0	0	0	0	0	5								
2022-10-31T00:46:13.085Z	2	1	1	1	0	0	0	0	0	0	0	0	0	5								
2022-11-01T00:49:35.973Z	2	1	1	1	0	0	0	0	0	0	0	0	0	5								
2022-11-02T00:44:33.599Z	2	1	1	1	0	0	0	0	0	0	0	0	0	5								
2022-11-03T00:40:22.900Z	2	1	1	1	0	0	0	0	0	0	0	0	0	5								
2022-11-04T00:41:55.321Z	2	1	1	1	0	0	0	0	0	0	0	0	0	5								
2022-11-05T00:41:02.870Z	2	1	1	1	0	0	0	0	0	0	0	0	0	5								
2022-11-06T00:38:46.334Z	2	1	1	1	0	0	0	0	0	0	0	0	0	5								
2022-11-07T00:36:55.020Z	2	1	1	1	0	0	0	0	0	0	0	0	0	5								
2022-11-08T00:36:53.873Z	2	1	1	1	0	0	0	0	0	0	0	0	0	5								
2022-11-09T00:38:32.130Z	2	1	1	1	0	0	0	0	0	0	0	0	0	5								
2022-11-10T00:38:21.399Z	2	1	1	1	0	0	0	0	0	0	0	0	0	5								
2022-11-11T00:41:20.316Z	2	1	1	1	0	0	0	0	0	0	0	0	0	5								
2022-11-12T00:40:16.189Z	2	1	1	1	0	0	0	0	0	0	0	0	0	5								
2022-11-13T00:35:45.815Z	2	1	1	1	0	0	0	0	0	0	0	0	0	5								
2022-11-14T00:35:05.815Z	2	1	1	1	0	0	0	0	0	0	0	0	0	5								
2022-11-15T00:36:21.267Z	2	1	1	1	0	0	0	0	0	0	0	0	0	5								
2022-11-16T00:36:43.403Z	2	1	1	1	0	0	0	0	0	0	0	0	0	5								
2022-11-17T00:35:42.103Z	2	1	1	1	0	0	0	0	0	0	0	0	0	5								
2022-11-18T00:40:19.400Z	2	1	1	1	0	0	0	0	0	0	0	0	0	5								
2022-11-19T00:38:13.351Z	2	1	1	1	0	0	0	0	0	0	0	0	0	5								
2022-11-20T00:39:12.074Z	2	1	1	1	0	0	0	0	0	0	0	0	0	5								
2022-11-21T00:37:24.570Z	2	1	1	1	0	0	0	0	0	0	0	0	0	5								
2022-11-22T00:37:22.835Z	2	1	1	1	0	0	0	0	0	0	0	0	0	5								
2022-11-23T00:31:14.837Z	2	1	1	1	0	0	0	0	0	0	0	0	0	5								
2022-11-24T00:37:15.031Z	2	1	1	1	0	0	0	0	0	0	0	0	0	5								
2022-11-25T00:34:13.700Z	2	1	1	1	0	0	0	0	0	0	0	0	0	5								
2022-11-26T00:30:28.919Z	2	1	1	1	0	0	0	0	0	0	0	0	0	5								
2022-11-27T00:35:41.952Z	2	1	1	1	0	0	0	0	0	0	0	0	0	5								
2022-11-28T00:31:39.640Z	2	1	1	1	0	0	0	0	0	0	0	0	0	5								
2022-11-29T00:37:03.020Z	2	1	1	1	0	0	0	0	0	0	0	0	0	5								
2022-11-30T00:34:56.084Z	2	1	1	1	0	0	0	0	0	0	0	0	0	5								
2022-12-01T00:37:49.202Z	2	1	1	1	0	0	0	0	0	0	0	0	0	5								
2022-12-02T00:31:55.896Z	2	1	1	1	0	0	0	0	0	0	0	0	0	5								
2022-12-03T00:29:35.118Z	2	1	1	1	0	0	0	0	0	0	0	0	0	5								
2022-12-04T00:31:10.355Z	2	1	1	1	0	0	0	0	0	0	0	0	0	5								
2022-12-05T00:31:01.312Z	2	1	1	1	0	0	0	0	0	0	0	0	0	5								
2022-12-06T00:30:05.756Z	2	1	1	1	0	0	0	0	0	0	0	0	0	5								
2022-12-07T00:32:22.356Z	2	1	1	1	0	0	0	0	0	0	0	0	0	5								
2022-12-08T00:30:03.764Z	2	1	1	1	0	0	0	0	0	0	0	0	0	5								
2022-12-09T00:32:20.696Z	2	1	1	1	0	0	0	0	0	0	0	0	0	5	https://api.github.com/search/repositories?q=user:AI-Tournaments&page=1							
2022-12-10T00:29:17.811Z	2	1	1	1	0	0	0	0	0	0	0	0	0	5								
2022-12-11T00:35:39.016Z	2	1	1	1	0	0	0	0	0	0	0	0	0	5								
2022-12-12T00:34:25.645Z	2	1	1	1	0	0	0	0	0	0	0	0	0	5								
2022-12-13T00:35:00.307Z	2	1	1	1	0	0	0	0	0	0	0	0	0	5								
2022-12-14T00:31:31.034Z	2	1	1	1	0	0	0	0	0	0	0	0	0	5								
2022-12-15T00:33:50.729Z	2	1	1	1	0	0	0	0	0	0	0	0	0	5								
2022-12-16T00:30:44.710Z	2	1	1	1	0	0	0	0	0	0	0	0	0	5								
2022-12-17T00:29:02.999Z	2	1	1	1	0	0	0	0	0	0	0	0	0	5								
2022-12-18T00:30:04.491Z	2	1	1	1	0	0	0	0	0	0	0	0	0	5								
2022-12-19T00:27:54.595Z	2	1	1	1	0	0	0	0	0	0	0	0	0	5								
2022-12-20T00:31:24.945Z	2	1	1	1	0	0	0	0	0	0	0	0	0	5								
2022-12-21T00:28:20.661Z	2	1	1	1	0	0	0	0	0	0	0	0	0	5								
2022-12-22T00:31:38.671Z	2	1	1	1	0	0	0	0	0	0	0	0	0	5								
2022-12-23T00:30:24.629Z	2	1	1	1	0	0	0	0	0	0	0	0	0	5								
2022-12-24T00:26:41.868Z	2	1	1	1	0	0	0	0	0	0	0	0	0	5								
2022-12-25T00:33:18.298Z	2	1	1	1	0	0	0	0	0	0	0	0	0	5								
2022-12-26T00:31:24.976Z	2	1	1	1	0	0	0	0	0	0	0	0	0	5								
2022-12-27T00:31:00.930Z	2	1	1	1	0	0	0	0	0	0	0	0	0	5								
2022-12-28T00:30:18.936Z	2	1	1	1	0	0	0	0	0	0	0	0	0	5								
2022-12-29T00:33:01.809Z	2	1	1	1	0	0	0	0	0	0	0	0	0	5								
2022-12-30T00:32:03.525Z	2	1	1	1	0	0	0	0	0	0	0	0	0	5								
2022-12-31T00:30:22.615Z	2	1	1	1	0	0	0	0	0	0	0	0	0	5								
2023-01-01T00:35:44.238Z	2	1	1	1	0	0	0	0	0	0	0	0	0	5								
2023-01-02T00:31:35.759Z	2	1	1	1	0	0	0	0	0	0	0	0	0	5								
2023-01-03T00:31:23.019Z	2	1	1	1	0	0	0	0	0	0	0	0	0	5								
2023-01-04T00:31:03.715Z	2	1	1	1	0	0	0	0	0	0	0	0	0	5								
2023-01-05T00:32:56.508Z	2	1	1	1	0	0	0	0	0	0	0	0	0	5								
2023-01-06T00:33:02.198Z	2	1	1	1	0	0	0	0	0	0	0	0	0	5								
2023-01-07T00:30:59.149Z	2	1	1	1	0	0	0	0	0	0	0	0	0	5								
2023-01-08T00:33:50.143Z	2	1	1	1	0	0	0	0	0	0	0	0	0	5								
2023-01-09T00:31:18.228Z	2	1	1	1	0	0	0	0	0	0	0	0	0	5								
2023-01-10T00:34:29.282Z	2	1	1	1	0	0	0	0	0	0	0	0	0	5								
2023-01-11T00:32:31.735Z	2	1	1	1	0	0	0	0	0	0	0	0	0	5								
2023-01-12T00:32:56.016Z	2	1	1	1	0	0	0	0	0	0	0	0	0	5								
2023-01-13T00:33:09.194Z	2	1	1	1	0	0	0	0	0	0	0	0	0	5								
2023-01-14T00:30:50.693Z	2	1	1	1	0	0	0	0	0	0	0	0	0	5								
2023-01-15T00:35:06.705Z	2	1	1	1	0	0	0	0	0	0	0	0	0	5								
2023-01-16T00:32:30.648Z	2	1	1	1	0	0	0	0	0	0	0	0	0	5								
2023-01-17T00:32:48.326Z	2	1	1	1	0	0	0	0	0	0	0	0	0	5								
2023-01-18T00:33:33.631Z	2	1	1	1	0	0	0	0	0	0	0	0	0	5								
2023-01-19T00:33:10.468Z	2	1	1	1	0	0	0	0	0	0	0	0	0	5								
2023-01-20T00:33:23.549Z	2	1	1	1	0	0	0	0	0	0	0	0	0	5								
2023-01-21T00:32:45.571Z	2	1	1	1	0	0	0	0	0	0	0	0	0	5								
2023-01-22T00:35:10.548Z	2	1	1	1	0	0	0	0	0	0	0	0	0	5								
2023-01-23T00:30:41.501Z	2	1	1	1	0	0	0	0	0	0	0	0	0	5								
2023-01-24T00:33:51.081Z	2	1	1	1	0	0	0	0	0	0	0	0	0	5								
2023-01-25T00:31:30.936Z	2	1	1	1	0	0	0	0	0	0	0	0	0	5								
2023-01-26T00:31:46.355Z	2	1	1	1	0	0	0	0	0	0	0	0	0	5								
2023-01-27T00:34:22.715Z	2	1	1	1	0	0	0	0	0	0	0	0	0	5								
2023-01-28T00:32:24.550Z	2	1	1	1	0	0	0	0	0	0	0	0	0	5								
2023-01-29T00:36:46.268Z	2	1	1	1	0	0	0	0	0	0	0	0	0	5								
2023-01-30T00:29:05.209Z	2	1	1	1	0	0	0	0	0	0	0	0	0	5								
2023-01-31T00:34:51.719Z	2	1	1	1	0	0	0	0	0	0	0	0	0	5								
2023-02-01T00:37:39.840Z	2	1	1	1	0	0	0	0	0	0	0	0	0	5								
2023-02-02T00:34:18.478Z	2	1	1	1	0	0	0	0	0	0	0	0	0	5								
2023-02-03T00:35:05.961Z	2	1	1	1	0	0	0	0	0	0	0	0	0	5								
2023-02-04T00:31:08.133Z	2	1	1	1	0	0	0	0	0	0	0	0	0	5								
2023-02-05T00:36:46.516Z	2	1	1	1	0	0	0	0	0	0	0	0	0	5								
2023-02-06T00:31:00.516Z	2	1	1	1	0	0	0	0	0	0	0	0	0	5								
2023-02-07T00:33:28.283Z	2	1	1	1	0	0	0	0	0	0	0	0	0	5								
2023-02-08T00:34:39.281Z	2	1	1	1	0	0	0	0	0	0	0	0	0	5								
2023-02-09T00:33:18.842Z	2	1	1	1	0	0	0	0	0	0	0	0	0	5								
2023-02-10T00:35:49.351Z	2	1	1	1	0	0	0	0	0	0	0	0	0	5								
2023-02-11T00:29:41.405Z	2	1	1	1	0	0	0	0	0	0	0	0	0	5								
2023-02-12T00:36:35.185Z	2	1	1	1	0	0	0	0	0	0	0	0	0	5								
2023-02-13T00:35:20.694Z	2	1	1	1	0	0	0	0	0	0	0	0	0	5								
2023-02-14T00:34:56.257Z	2	1	1	1	0	0	0	0	0	0	0	0	0	5								
2023-02-15T00:33:50.558Z	2	1	1	1	0	0	0	0	0	0	0	0	0	5								
2023-02-16T00:34:12.945Z	2	1	1	1	0	0	0	0	0	0	0	0	0	5								
2023-02-17T00:37:16.314Z	2	1	1	1	0	0	0	0	0	0	0	0	0	5								
2023-02-18T00:34:09.356Z	2	1	1	1	0	0	0	0	0	0	0	0	0	5								
2023-02-19T00:34:11.590Z	2	1	1	1	0	0	0	0	0	0	0	0	0	5								
2023-02-20T00:36:01.499Z	2	1	1	1	0	0	0	0	0	0	0	0	0	5								
2023-02-21T00:36:31.129Z	2	1	1	1	0	0	0	0	0	0	0	0	0	5								
2023-02-22T00:31:43.394Z	2	1	1	1	0	0	0	0	0	0	0	0	0	5								
2023-02-23T00:32:26.255Z	2	1	1	1	0	0	0	0	0	0	0	0	0	5								
2023-02-24T00:33:15.937Z	2	1	1	1	0	0	0	0	0	0	0	0	0	5								
2023-02-25T00:34:21.367Z	2	1	1	1	0	0	0	0	0	0	0	0	0	5								
2023-02-26T00:38:27.517Z	2	1	1	1	0	0	0	0	0	0	0	0	0	5								
2023-02-27T00:34:33.616Z	2	1	1	1	0	0	0	0	0	0	0	0	0	5								
2023-02-28T00:34:13.262Z	2	1	1	1	0	0	0	0	0	0	0	0	0	5								
2023-03-01T00:38:23.222Z	2	1	1	1	0	0	0	0	0	0	0	0	0	5								
2023-03-02T00:37:16.855Z	2	1	1	1	0	0	0	0	0	0	0	0	0	5								
2023-03-03T02:28:11.602Z	2	1	1	1	0	0	0	0	0	0	0	0	0	5								
2023-03-04T00:32:51.929Z	2	1	1	1	0	0	0	0	0	0	0	0	0	5								
2023-03-05T00:38:01.271Z	2	1	1	1	0	0	0	0	0	0	0	0	0	5								
2023-03-06T00:35:03.751Z	2	1	1	1	0	0	0	0	0	0	0	0	0	5								
2023-03-07T00:37:01.906Z	2	1	1	1	0	0	0	0	0	0	0	0	0	5								
2023-03-08T00:35:55.997Z	2	1	1	1	0	0	0	0	0	0	0	0	0	5								
2023-03-09T00:35:06.566Z	2	1	1	1	0	0	0	0	0	0	0	0	0	5								
2023-03-10T00:34:52.403Z	2	1	1	1	0	0	0	0	0	0	0	0	0	5								
2023-03-11T00:29:36.012Z	2	1	1	1	0	0	0	0	0	0	0	0	0	5								
2023-03-12T00:35:22.779Z	2	1	1	1	0	0	0	0	0	0	0	0	0	5								
2023-03-13T00:33:43.442Z	2	1	1	1	0	0	0	0	0	0	0	0	0	5								
2023-03-14T00:29:54.188Z	2	1	1	1	0	0	0	0	0	0	0	0	0	5								
2023-03-15T00:33:23.827Z	2	1	1	1	0	0	0	0	0	0	0	0	0	5								
2023-03-16T00:35:11.841Z	2	1	1	1	0	0	0	0	0	0	0	0	0	5								
2023-03-17T00:33:30.251Z	2	1	1	1	0	0	0	0	0	0	0	0	0	5								
2023-03-18T00:31:54.192Z	2	1	1	1	0	0	0	0	0	0	0	0	0	5								
2023-03-19T00:36:28.050Z	2	1	1	1	0	0	0	0	0	0	0	0	0	5								
2023-03-20T00:34:34.833Z	2	1	1	1	0	0	0	0	0	0	0	0	0	5								
2023-03-21T00:30:50.785Z	2	1	1	1	0	0	0	0	0	0	0	0	0	5								
2023-03-22T00:29:58.306Z	2	1	1	1	0	0	0	0	0	0	0	0	0	5								
2023-03-23T00:31:51.526Z	2	1	1	1	0	0	0	0	0	0	0	0	0	5								
2023-03-24T00:31:01.230Z	2	1	1	1	0	0	0	0	0	0	0	0	0	5								
2023-03-25T00:30:22.090Z	2	1	1	1	0	0	0	0	0	0	0	0	0	5								
2023-03-26T00:34:02.167Z	2	1	1	1	0	0	0	0	0	0	0	0	0	5								
2023-03-27T00:30:51.774Z	2	1	1	1	0	0	0	0	0	0	0	0	0	5								
2023-03-28T00:32:22.638Z	2	1	1	1	0	0	0	0	0	0	0	0	0	5								
2023-03-29T00:36:10.184Z	2	1	1	1	0	0	0	0	0	0	0	0	0	5								
2023-03-30T00:32:25.461Z	2	1	1	1	0	0	0	0	0	0	0	0	0	5								
2023-03-31T00:32:04.975Z	2	1	1	1	0	0	0	0	0	0	0	0	0	5								
2023-04-01T00:31:56.087Z	2	1	1	1	0	0	0	0	0	0	0	0	0	5								
2023-04-02T00:33:19.170Z	2	1	1	1	0	0	0	0	0	0	0	0	0	5								
2023-04-03T00:31:06.394Z	2	1	1	1	0	0	0	0	0	0	0	0	0	5								
2023-04-04T00:30:59.581Z	2	1	1	1	0	0	0	0	0	0	0	0	0	5								
2023-04-05T00:26:38.846Z	2	1	1	1	0	0	0	0	0	0	0	0	0	5								
2023-04-06T00:29:16.546Z	2	1	1	1	0	0	0	0	0	0	0	0	0	5								
2023-04-07T00:27:18.286Z	2	1	1	1	0	0	0	0	0	0	0	0	0	5								
2023-04-08T00:28:17.514Z	2	1	1	1	0	0	0	0	0	0	0	0	0	5								
2023-04-09T00:31:24.920Z	2	1	1	1	0	0	0	0	0	0	0	0	0	5								
2023-04-10T00:30:19.508Z	2	1	1	1	0	0	0	0	0	0	0	0	0	5								
2023-04-11T00:31:24.168Z	2	1	1	1	0	0	0	0	0	0	0	0	0	5								
2023-04-12T00:29:47.690Z	2	1	1	1	0	0	0	0	0	0	0	0	0	5								
2023-04-13T00:28:50.509Z	2	1	1	1	0	0	0	0	0	0	0	0	0	5								
2023-04-14T00:29:15.773Z	2	1	1	1	0	0	0	0	0	0	0	0	0	5								
2023-04-15T00:32:12.680Z	2	1	1	1	0	0	0	0	0	0	0	0	0	5								
2023-04-16T00:31:29.236Z	2	1	1	1	0	0	0	0	0	0	0	0	0	5								
2023-04-17T00:30:21.450Z	2	1	1	1	0	0	0	0	0	0	0	0	0	5								
2023-04-18T00:29:22.342Z	2	1	1	1	0	0	0	0	0	0	0	0	0	5								
2023-04-19T00:32:00.038Z	2	1	1	1	0	0	0	0	0	0	0	0	0	5								
2023-04-20T00:29:43.302Z	2	1	1	1	0	0	0	0	0	0	0	0	0	5								
2023-04-21T00:29:48.839Z	2	1	1	1	0	0	0	0	0	0	0	0	0	5								
2023-04-22T00:30:01.145Z	2	1	1	1	0	0	0	0	0	0	0	0	0	5								
2023-04-23T00:33:17.359Z	2	1	1	1	0	0	0	0	0	0	0	0	0	5								
2023-04-24T00:31:18.871Z	2	1	1	1	0	0	0	0	0	0	0	0	0	5								
2023-04-25T00:30:41.612Z	2	1	1	1	0	0	0	0	0	0	0	0	0	5								
2023-04-26T00:30:54.791Z	2	1	1	1	0	0	0	0	0	0	0	0	0	5								
2023-04-27T00:32:45.483Z	2	1	1	1	0	0	0	0	0	0	0	0	0	5								
2023-04-28T00:31:49.971Z	2	1	1	1	0	0	0	0	0	0	0	0	0	5								
2023-04-29T00:29:47.587Z	2	1	1	1	0	0	0	0	0	0	0	0	0	5								
2023-04-30T00:33:09.881Z	2	1	1	1	0	0	0	0	0	0	0	0	0	5								
2023-05-01T00:31:57.319Z	2	1	1	1	0	0	0	0	0	0	0	0	0	5								
2023-05-02T00:30:20.480Z	2	1	1	1	0	0	0	0	0	0	0	0	0	5								
2023-05-03T00:29:45.782Z	2	1	1	1	0	0	0	0	0	0	0	0	0	5								
2023-05-04T00:30:28.727Z	2	1	1	1	0	0	0	0	0	0	0	0	0	5								
2023-05-05T00:28:43.586Z	2	1	1	1	0	0	0	0	0	0	0	0	0	5								
2023-05-06T00:27:48.346Z	2	1	1	1	0	0	0	0	0	0	0	0	0	5								
2023-05-07T00:32:01.771Z	2	1	1	1	0	0	0	0	0	0	0	0	0	5								
2023-05-08T00:29:32.811Z	2	1	1	1	0	0	0	0	0	0	0	0	0	5								
2023-05-09T00:31:22.844Z	2	1	1	1	0	0	0	0	0	0	0	0	0	5								
2023-05-10T00:29:25.403Z	2	1	1	1	0	0	0	0	0	0	0	0	0	5								
2023-05-11T00:29:42.721Z	2	1	1	1	0	0	0	0	0	0	0	0	0	5								
2023-05-12T00:31:54.232Z	2	1	1	1	0	0	0	0	0	0	0	0	0	5								
2023-05-13T00:28:32.992Z	2	1	1	1	0	0	0	0	0	0	0	0	0	5								
2023-05-14T00:32:31.163Z	2	1	1	1	0	0	0	0	0	0	0	0	0	5								
2023-05-15T00:31:21.309Z	2	1	1	1	0	0	0	0	0	0	0	0	0	5								
2023-05-16T00:30:29.686Z	2	1	1	1	0	0	0	0	0	0	0	0	0	5								
2023-05-17T00:33:23.770Z	2	1	1	1	0	0	0	0	0	0	0	0	0	5								
2023-05-18T00:30:25.628Z	2	1	1	1	0	0	0	0	0	0	0	0	0	5								
2023-05-19T00:30:45.267Z	2	1	1	1	0	0	0	0	0	0	0	0	0	5								
2023-05-20T00:29:09.855Z	2	1	1	1	0	0	0	0	0	0	0	0	0	5								
2023-05-21T00:33:26.754Z	2	1	1	1	0	0	0	0	0	0	0	0	0	5	https://api.github.com/search/repositories?q=user:AI-Tournaments&page=2							
2023-05-22T00:32:09.991Z	2	1	1	1	0	0	0	0	0	0	0	0	0	5								
2023-05-23T00:31:33.005Z	2	1	1	1	0	0	0	0	0	0	0	0	0	5								
2023-05-24T00:31:01.810Z	2	1	1	1	0	0	0	0	0	0	0	0	0	5								
2023-05-25T00:29:41.585Z	2	1	1	1	0	0	0	0	0	0	0	0	0	5								
2023-05-26T00:30:57.393Z	2	1	1	1	0	0	0	0	0	0	0	0	0	5								
2023-05-27T00:32:28.929Z	2	1	1	1	0	0	0	0	0	0	0	0	0	5								
2023-05-28T00:33:33.220Z	2	1	1	1	0	0	0	0	0	0	0	0	0	5								
2023-05-29T00:31:47.922Z	2	1	1	1	0	0	0	0	0	0	0	0	0	5								
2023-05-30T00:33:11.722Z	2	1	1	1	0	0	0	0	0	0	0	0	0	5								
2023-05-31T00:37:03.383Z	2	1	1	1	0	0	0	0	0	0	0	0	0	5								
2023-06-01T00:43:34.984Z	2	1	1	1	0	0	0	0	0	0	0	0	0	5								
2023-06-02T00:35:02.209Z	2	1	1	1	0	0	0	0	0	0	0	0	0	5								
2023-06-03T00:34:06.201Z	2	1	1	1	0	0	0	0	0	0	0	0	0	5								
2023-06-04T00:40:28.200Z	2	1	1	1	0	0	0	0	0	0	0	0	0	5								
2023-06-05T00:35:18.564Z	2	1	1	1	0	0	0	0	0	0	0	0	0	5								
2023-06-06T00:36:10.815Z	2	1	1	1	0	0	0	0	0	0	0	0	0	5								
2023-06-07T00:37:12.059Z	2	1	1	1	0	0	0	0	0	0	0	0	0	5								
2023-06-08T00:35:55.368Z	2	1	1	1	0	0	0	0	0	0	0	0	0	5								
2023-06-09T00:37:57.791Z	2	1	1	1	0	0	0	0	0	0	0	0	0	5								
2023-06-10T00:32:42.585Z	2	1	1	1	0	0	0	0	0	0	0	0	0	5	https://api.github.com/search/repositories?q=user:AI-Tournaments&page=2							
2023-06-11T00:39:10.893Z	2	1	1	1	0	0	0	0	0	0	0	0	0	5								
2023-06-12T00:37:54.491Z	2	1	1	1	0	0	0	0	0	0	0	0	0	5								
2023-06-13T00:35:42.279Z	2	1	1	1	0	0	0	0	0	0	0	0	0	5								
2023-06-14T00:34:09.279Z	2	1	1	1	0	0	0	0	0	0	0	0	0	5								
2023-06-15T00:35:13.739Z	2	1	1	1	0	0	0	0	0	0	0	0	0	5								
2023-06-16T00:36:15.100Z	2	1	1	1	0	0	0	0	0	0	0	0	0	5								
2023-06-17T00:33:15.881Z	2	1	1	1	0	0	0	0	0	0	0	0	0	5								
2023-06-18T00:39:02.187Z	2	1	1	1	0	0	0	0	0	0	0	0	0	5								
2023-06-19T00:35:08.479Z	2	1	1	1	0	0	0	0	0	0	0	0	0	5								
2023-06-20T00:32:41.110Z	2	1	1	1	0	0	0	0	0	0	0	0	0	5								
2023-06-21T00:34:44.341Z	2	1	1	1	0	0	0	0	0	0	0	0	0	5								
2023-06-22T00:35:41.844Z	2	1	1	1	0	0	0	0	0	0	0	0	0	5								
2023-06-23T00:38:07.952Z	2	1	1	1	0	0	0	0	0	0	0	0	0	5								
2023-06-24T00:39:20.644Z	2	1	1	1	0	0	0	0	0	0	0	0	0	5								
2023-06-25T00:43:01.471Z	2	1	1	1	0	0	0	0	0	0	0	0	0	5								
2023-06-26T00:40:11.377Z	2	1	1	1	0	0	0	0	0	0	0	0	0	5								
2023-06-27T00:39:09.730Z	2	1	1	1	0	0	0	0	0	0	0	0	0	5								
2023-06-28T00:38:59.402Z	2	1	1	1	0	0	0	0	0	0	0	0	0	5								
2023-06-29T00:38:23.442Z	2	1	1	1	0	0	0	0	0	0	0	0	0	5								
2023-06-30T00:37:34.395Z	2	1	1	1	0	0	0	0	0	0	0	0	0	5								
2023-07-01T00:43:20.017Z	2	1	1	1	0	0	0	0	0	0	0	0	0	5								
2023-07-02T00:41:16.104Z	2	1	1	1	0	0	0	0	0	0	0	0	0	5								
2023-07-03T00:39:38.012Z	2	1	1	1	0	0	0	0	0	0	0	0	0	5								
2023-07-04T00:39:38.384Z	2	1	1	1	0	0	0	0	0	0	0	0	0	5								
2023-07-05T00:39:47.102Z	2	1	1	1	0	0	0	0	0	0	0	0	0	5								
2023-07-06T00:40:22.606Z	2	1	1	1	0	0	0	0	0	0	0	0	0	5								
2023-07-07T00:39:43.214Z	2	1	1	1	0	0	0	0	0	0	0	0	0	5								
2023-07-08T00:38:30.118Z	2	1	1	1	0	0	0	0	0	0	0	0	0	5								
2023-07-09T00:43:29.505Z	2	1	1	1	0	0	0	0	0	0	0	0	0	5								
2023-07-10T00:39:50.073Z	2	1	1	1	0	0	0	0	0	0	0	0	0	5								
2023-07-11T00:35:17.199Z	2	1	1	1	0	0	0	0	0	0	0	0	0	5								
2023-07-12T00:41:18.280Z	2	1	1	1	0	0	0	0	0	0	0	0	0	5								
2023-07-13T00:39:28.965Z	2	1	1	1	0	0	0	0	0	0	0	0	0	5								
2023-07-14T00:40:17.191Z	2	1	1	1	0	0	0	0	0	0	0	0	0	5								
2023-07-15T00:38:53.990Z	2	1	1	1	0	0	0	0	0	0	0	0	0	5								
2023-07-16T00:44:37.100Z	2	1	1	1	0	0	0	0	0	0	0	0	0	5								
2023-07-17T00:42:10.204Z	2	1	1	1	0	0	0	0	0	0	0	0	0	5								
2023-07-18T00:58:41.265Z	2	1	1	1	0	0	0	0	0	0	0	0	0	5								
2023-07-19T01:01:42.727Z	2	1	1	1	0	0	0	0	0	0	0	0	0	5								
2023-07-20T00:35:13.803Z	2	1	1	1	0	0	0	0	0	0	0	0	0	5								
2023-07-21T00:34:25.008Z	2	1	1	1	0	0	0	0	0	0	0	0	0	5								
2023-07-22T00:34:43.441Z	2	1	1	1	0	0	0	0	0	0	0	0	0	5								
2023-07-23T00:37:04.412Z	2	1	1	1	0	0	0	0	0	0	0	0	0	5								
2023-07-24T00:34:54.194Z	2	1	1	1	0	0	0	0	0	0	0	0	0	5								
2023-07-25T00:36:18.034Z	2	1	1	1	0	0	0	0	0	0	0	0	0	5								
2023-07-26T00:33:23.036Z	2	1	1	1	0	0	0	0	0	0	0	0	0	5								
2023-07-27T00:32:22.627Z	2	1	1	1	0	0	0	0	0	0	0	0	0	5								
2023-07-28T00:32:46.632Z	2	1	1	1	0	0	0	0	0	0	0	0	0	5								
2023-07-29T00:31:52.928Z	2	1	1	1	0	0	0	0	0	0	0	0	0	5		0						
2023-07-30T00:36:00.386Z	2	1	1	1	0	0	0	0	0	0	0	0	0	5		0						
2023-07-31T00:34:27.285Z	2	1	1	1	0	0	0	0	0	0	0	0	0	5		0						
2023-08-01T00:37:58.389Z	2	1	1	1	0	0	0	0	0	0	0	0	0	5		0						
2023-08-02T09:26:31.507Z	2	1		1	0	0	0	0	0	0		0	0	5		0	1	0	0			
2023-08-03T17:33:13.111Z	2	1		1	0	0	0	0	0	0		0	0	4		0		0				
2023-08-04T01:26:01.804Z	2	1		1	0	0	0	0	0	0		0	0	4		0		0				
2023-08-05T01:22:26.472Z	2	1		1	0	0	0	0	0	0		0	0	4		0		0				
2023-08-06T01:19:57.382Z	2				0	0	0	0	0	0		0	0	4		0		0		1	1	
2023-08-07T01:25:44.716Z	2				0	0	0	0	0	0		0	0	4		0		0		1	1	
2023-08-08T01:23:07.959Z	2				0	0	0	0	0	0		0	0	4		0		0		1	1	
2023-08-09T01:26:28.062Z	2				0	0	0	0	0	0		0	0	4		0		0		1	1	
2023-08-10T01:33:44.362Z	2				0	0	0	0	0	0		0	0	4		0		0		1	1	
2023-08-11T01:11:43.059Z	2				0	0	0	0	0	0		0	0	4		0		0		1	1	
2023-08-12T01:11:05.006Z	2				0	0	0	0	0	0		0	0	4		0		0		1	1	
2023-08-13T01:15:57.771Z	2				0	0	0	0	0	0		0	0	4		0		0		1	1	
2023-08-14T01:13:21.452Z	2				0	0	0	0	0	0		0	0	4		0		0		1	1	
2023-08-15T01:12:39.946Z	2				0	0	0	0	0	0		0	0	4		0		0		1	1	
2023-08-16T01:12:10.766Z	2				0	0	0	0	0	0		0	0	4		0		0		1	1	
2023-08-17T01:11:02.843Z	2				0	0	0	0	0	0		0	0	4		0		0		1	1	
2023-08-18T01:12:02.439Z	2				0	0	0	0	0	0		0	0	4		0		0		1	1	
2023-08-19T01:10:15.697Z	2				0	0	0	0	0	0		0	0	4		0		0		1	1	
2023-08-20T01:15:28.457Z	2				0	0	0	0	0	0		0	0	4	https://api.github.com/search/repositories?q=user:AI-Tournaments&page=2	0		0		1	1	
2023-08-21T01:12:33.316Z	2				0	0	0	0	0	0		0	0	4		0		0		1	1	
2023-08-22T01:13:26.125Z	2				0	0	0	0	0	0		0	0	4		0		0		1	1	
2023-08-23T01:12:29.107Z	2				0	0	0	0	0	0		0	0	4		0		0		1	1	
2023-08-24T01:12:08.887Z	2				0	0	0	0	0	0		0	0	4		0		0		1	1	
2023-08-25T01:13:59.081Z	2				0	0	0	0	0	0		0	0	4		0		0		1	1	
2023-08-26T01:10:52.665Z	2				0	0	0	0	0	0		0	0	4		0		0		1	1	
2023-08-27T01:17:30.447Z	2				0	0	0	0	0	0		0	0	4		0		0		1	1	
2023-08-28T01:14:25.637Z	2				0	0	0	0	0	0		0	0	4		0		0		1	1	
2023-08-29T01:14:16.162Z	2				0	0	0	0	0	0		0	0	4		0		0		1	1	
2023-08-30T01:14:03.071Z	1				0	0	0	0	0	0		0	0	1		0		0		0	0	
2023-08-31T01:14:27.789Z	1				0	0	0	0	0	0		0	0	1		0		0		0	0	
2023-09-01T01:18:43.623Z	1				0	0	0	0	0	0		0	0	1		0		0		0	0	
2023-09-02T01:11:32.173Z	1				0	0	0	0	0	0		0	0	1		0		0		0	0	
2023-09-03T01:17:42.035Z	1				0	0	0	0	0	0		0	0	1		0		0		0	0	
2023-09-04T01:15:05.443Z	1				0	0	0	0	0	0		0	0	1		0		0		0	0	
2023-09-05T01:12:55.826Z	1				0	0	0	0	0	0		0	0	1		0		0		0	0	
2023-09-06T01:14:05.699Z	1				0	0	0	0	0	0		0	0	1		0		0		0	0	
2023-09-07T01:14:23.251Z	1				0	0	0	0	0	0		0	0	1		0		0		0	0	
2023-09-08T01:14:41.219Z	1				0	0	0	0	0	0		0	0	1		0		0		0	0	
2023-09-09T01:12:07.659Z	1				0	0	0	0	0	0		0	0	1		0		0		0	0	
2023-09-10T01:18:21.148Z	1				0	0	0	0	0	0		0	0	1		0		0		0	0	
2023-09-11T01:15:17.330Z	1				0	0	0	0	0	0		0	0	1		0		0		0	0	
2023-09-12T01:12:50.812Z	1				0	0	0	0	0	0		0	0	1		0		0		0	0	
2023-09-13T01:15:38.528Z	1				0	0	0	0	0	0		0	0	1		0		0		0	0	
2023-09-14T01:13:40.453Z	1				0	0	0	0	0	0		0	0	1		0		0		0	0	
2023-09-15T01:15:27.982Z	1				0	0	0	0	0	0			0	1		0		0		0	0	0
2023-09-16T01:12:59.358Z	1				0	0	0	0	0	0			0	1		0		0		0	0	0
2023-09-17T01:18:31.721Z	1				0	0	0	0	0	0			0	1		0		0		0	0	0
2023-09-18T01:14:51.135Z	1				0	0	0	0	0	0			0	1		0		0		0	0	0
2023-09-19T01:15:41.336Z	1				0	0	0	0	0	0			0	1		0		0		0	0	0
2023-09-20T01:14:49.974Z	1				0	0	0	0	0	0			0	1		0		0		0	0	0
2023-09-21T01:14:15.480Z	1				0	0	0	0	0	0			0	1		0		0		0	0	0
2023-09-22T01:15:08.214Z	1				0	0	0	0	0	0			0	1		0		0		0	0	0
2023-09-23T01:12:48.406Z	1				0	0	0	0	0	0			0	1		0		0		0	0	0
2023-09-24T01:18:53.774Z	1				0	0	0	0	0	0			0	1		0		0		0	0	0
2023-09-25T01:15:54.816Z	1				0	0	0	0	0	0			0	1		0		0		0	0	0
2023-09-26T01:15:48.747Z	1				0	0	0	0	0	0			0	1		0		0		0	0	0
2023-09-27T01:15:50.753Z	1				0	0	0	0	0	0			0	1		0		0		0	0	0
2023-09-28T01:15:15.344Z	1				0	0	0	0	0	0			0	1		0		0		0	0	0
2023-09-29T01:15:19.626Z	1				0	0	0	0	0	0			0	1		0		0		0	0	0
2023-09-30T01:13:51.155Z	1				0	0	0	0	0	0			0	1		0		0		0	0	0
2023-10-01T01:24:50.803Z	1				0	0	0	0	0	0			0	1		0		0		0	0	0
2023-10-02T01:16:05.278Z	1				0	0	0	0	0	0			0	1		0		0		0	0	0
2023-10-03T01:16:09.850Z	1				0	0	0	0	0	0			0	1		0		0		0	0	0
2023-10-04T01:17:26.799Z	1				0	0	0	0	0	0			0	1		0		0		0	0	0
2023-10-05T01:15:42.488Z	1				0	0	0	0	0	0			0	1		0		0		0	0	0
2023-10-06T01:15:39.415Z	1				0	0	0	0	0	0			0	1		0		0		0	0	0
2023-10-07T01:14:44.419Z	1				0	0	0	0	0	0			0	1		0		0		0	0	0
2023-10-08T01:20:30.765Z	1				0	0	0	0	0	0			0	1		0		0		0	0	0
2023-10-09T01:15:35.069Z	1				0	0	0	0	0	0			0	1		0		0		0	0	0
2023-10-10T01:15:09.581Z	1				0	0	0	0	0	0			0	1		0		0		0	0	0
2023-10-11T01:15:20.749Z	1				0	0	0	0	0	0			0	1		0		0		0	0	0
2023-10-12T01:13:23.782Z	1				0	0	0	0	0	0			0	1		0		0		0	0	0
2023-10-13T01:17:43.436Z	1				0	0	0	0	0	0			0	1		0		0		0	0	0
2023-10-14T01:13:48.246Z	1				0	0	0	0	0	0			0	1		0		0		0	0	0
2023-10-15T01:20:53.758Z	1				0	0	0	0	0	0			0	1		0		0		0	0	0
2023-10-16T01:17:18.818Z	1				0	0	0	0	0	0			0	1		0		0		0	0	0
2023-10-17T01:16:16.698Z	1				0	0	0	0	0	0			0	1		0		0		0	0	0
2023-10-18T01:16:16.582Z	1				0	0	0	0	0	0			0	1		0		0		0	0	0
2023-10-19T01:15:47.797Z	1				0	0	0	0	0	0			0	1		0		0		0	0	0
2023-10-20T01:15:43.769Z	1				0	0	0	0	0	0			0	1		0		0		0	0	0
2023-10-21T01:13:42.452Z	1				0	0	0	0	0	0			0	1		0		0		0	0	0
2023-10-22T01:20:41.578Z	1				0	0	0	0	0	0			0	1		0		0		0	0	0
2023-10-23T01:16:10.596Z	1				0	0	0	0	0	0			0	1		0		0		0	0	0
2023-10-24T01:15:24.774Z	1				0	0	0	0	0	0			0	1		0		0		0	0	0
2023-10-25T01:15:24.891Z	1				0	0	0	0	0	0			0	1		0		0		0	0	0
2023-10-26T01:14:14.974Z	1				0	0	0	0	0	0			0	1		0		0		0	0	0
2023-10-27T01:14:31.792Z	1				0	0	0	0	0	0			0	1		0		0		0	0	0
2023-10-28T01:13:00.482Z	1				0	0	0	0	0	0			0	1		0		0		0	0	0
2023-10-29T01:19:52.451Z	1				0	0	0	0	0	0			0	1		0		0		0	0	0
2023-10-30T01:16:15.024Z	1				0	0	0	0	0	0			0	1		0		0		0	0	0
2023-10-31T01:16:27.284Z	1				0	0	0	0	0	0			0	1		0		0		0	0	0
2023-11-01T01:20:26.202Z	1				0	0	0	0	0	0			0	1		0		0		0	0	0
2023-11-02T01:15:50.873Z	1				0	0	0	0	0	0			0	1		0		0		0	0	0
2023-11-03T01:16:33.588Z	1				0	0	0	0	0	0			0	1		0		0		0	0	0
2023-11-04T01:15:32.348Z	1				0	0	0	0	0	0			0	1		0		0		0	0	0
2023-11-05T01:21:27.853Z	1				0	0	0	0	0	0			0	1		0		0		0	0	0
2023-11-06T01:19:02.785Z	1				0	0	0	0	0	0			0	1		0		0		0	0	0
2023-11-07T01:18:01.177Z	1				0	0	0	0	0	0			0	1		0		0		0	0	0
2023-11-08T01:17:09.224Z	1				0	0	0	0	0	0			0	1		0		0		0	0	0
2023-11-09T01:17:41.183Z	1				0	0	0	0	0	0			0	1		0		0		0	0	0
2023-11-10T01:17:02.325Z	1				0	0	0	0	0	0			0	1		0		0		0	0	0
2023-11-11T02:14:29.279Z	1				0	0	0	0	0	0			0	1		0		0		0	0	0
2023-11-12T01:22:15.438Z	1				0	0	0	0	0	0			0	1		0		0		0	0	0
2023-11-13T01:19:08.278Z	1				0	0	0	0	0	0			0	1		0		0		0	0	0
2023-11-14T01:17:32.877Z	1				0	0	0	0	0	0			0	1		0		0		0	0	0
2023-11-15T01:19:07.347Z	1				0	0	0	0	0	0			0	1		0		0		0	0	0
2023-11-16T01:20:02.382Z	1				0	0	0	0	0	0			0	1		0		0		0	0	0
2023-11-17T01:19:48.003Z	1				0	0	0	0	0	0			0	1		0		0		0	0	0
2023-11-18T01:18:49.964Z	1				0	0	0	0	0	0			0	1		0		0		0	0	0
2023-11-19T01:24:48.145Z	1				0	0	0	0	0	0			0	1		0		0		0	0	0
2023-11-20T01:20:26.505Z	1				0	0	0	0	0	0			0	1		0		0		0	0	0
2023-11-21T01:22:31.002Z	1				0	0	0	0	0	0			0	1		0		0		0	0	0
2023-11-22T01:22:02.445Z	1				0	0	0	0	0	0			0	1		0		0		0	0	0
2023-11-23T01:19:11.680Z	1				0	0	0	0	0	0			0	1		0		0		0	0	0
2023-11-24T01:17:31.431Z	1				0	0	0	0	0	0			0	1		0		0		0	0	0
2023-11-25T01:16:26.406Z	1				0	0	0	0	0	0			0	1		0		0		0	0	0
2023-11-26T01:23:37.184Z	1				0	0	0	0	0	0			0	1		0		0		0	0	0
2023-11-27T01:19:38.708Z	1				0	0	0	0	0	0			0	1		0		0		0	0	0
2023-11-28T01:20:32.219Z	1				0	0	0	0	0	0			0	1		0		0		0	0	0
2023-11-29T01:20:32.551Z	1				0	0	0	0	0	0			0	1		0		0		0	0	0
2023-11-30T01:19:35.478Z	1				0	0	0	0	0	0			0	1		0		0		0	0	0
2023-12-01T01:26:20.751Z	1				0	0	0	0	0	0			0	1		0		0		0	0	0
2023-12-02T01:16:31.479Z	1				0	0	0	0	0	0			0	1		0		0		0	0	0
2023-12-03T01:23:42.916Z	1				0	0	0	0	0	0			0	1		0		0		0	0	0
2023-12-04T01:20:19.072Z	1				0	0	0	0	0	0			0	1		0		0		0	0	0
2023-12-05T01:20:48.108Z	1				0	0	0	0	0	0			0	1		0		0		0	0	0
2023-12-06T01:20:31.064Z	1				0	0	0	0	0	0			0	1		0		0		0	0	0
2023-12-07T01:20:05.943Z	1				0	0	0	0	0	0			0	1	https://api.github.com/search/repositories?q=user:AI-Tournaments&page=2	0		0		0	0	0
2023-12-08T01:20:43.208Z	1				0	0	0	0	0	0			0	1		0		0		0	0	0
2023-12-09T01:18:28.311Z	1				0	0	0	0	0	0			0	1		0		0		0	0	0
2023-12-10T01:24:54.119Z	1				0	0	0	0	0	0			0	1		0		0		0	0	0
2023-12-11T01:20:44.809Z	1				0	0	0	0	0	0			0	1		0		0		0	0	0
2023-12-12T01:20:40.877Z	1				0	0	0	0	0	0			0	1		0		0		0	0	0
2023-12-13T01:20:13.509Z	1				0	0	0	0	0	0			0	1		0		0		0	0	0
2023-12-14T01:19:10.939Z	1				0	0	0	0	0	0			0	1		0		0		0	0	0
2023-12-15T01:20:55.347Z	1				0	0	0	0	0	0			0	1		0		0		0	0	0
2023-12-16T01:18:57.649Z	1				0	0	0	0	0	0			0	1		0		0		0	0	0
2023-12-17T01:24:56.688Z	1				0	0	0	0	0	0			0	1		0		0		0	0	0
2023-12-18T01:20:30.975Z	1				0	0	0	0	0	0			0	1		0		0		0	0	0
2023-12-19T01:19:18.365Z	1				0	0	0	0	0	0			0	1		0		0		0	0	0
2023-12-20T01:05:38.901Z	1				0	0	0	0	0	0			0	1		0		0		0	0	0
2023-12-21T01:18:35.491Z	1				0	0	0	0	0	0			0	1		0		0		0	0	0
2023-12-22T01:17:48.428Z	1				0	0	0	0	0	0			0	1		0		0		0	0	0
2023-12-23T01:15:33.538Z	1				0	0	0	0	0	0			0	1		0		0		0	0	0
2023-12-24T01:22:58.540Z	1				0	0	0	0	0	0			0	1		0		0		0	0	0
2023-12-25T01:19:29.641Z	1				0	0	0	0	0	0			0	1		0		0		0	0	0
2023-12-26T01:16:36.326Z	1				0	0	0	0	0	0			0	1		0		0		0	0	0
2023-12-27T01:16:51.432Z	1				0	0	0	0	0	0			0	1		0		0		0	0	0
2023-12-28T01:16:48.887Z	1				0	0	0	0	0	0			0	1		0		0		0	0	0
2023-12-29T01:08:07.892Z	1				0	0	0	0	0	0			0	1		0		0		0	0	0
2023-12-30T01:16:15.396Z	1				0	0	0	0	0	0			0	1		0		0		0	0	0
2023-12-31T01:23:46.212Z	1				0	0	0	0	0	0			0	1		0		0		0	0	0
2024-01-01T01:25:37.314Z	1				0	0	0	0	0	0			0	1		0		0		0	0	0
2024-01-02T01:19:18.253Z	1				0	0	0	0	0	0			0	1		0		0		0	0	0
2024-01-03T01:18:47.008Z	1				0	0	0	0	0	0			0	1		0		0		0	0	0
2024-01-04T01:19:17.047Z	1				0	0	0	0	0	0			0	1		0		0		0	0	0
2024-01-05T01:19:29.841Z	1				0	0	0	0	0	0			0	1		0		0		0	0	0
2024-01-06T01:18:55.155Z	1				0	0	0	0	0	0			0	1		0		0		0	0	0
2024-01-07T01:26:09.804Z	1				0	0	0	0	0	0			0	1		0		0		0	0	0
2024-01-08T01:21:01.661Z	1				0	0	0	0	0	0			0	1		0		0		0	0	0
2024-01-09T01:20:53.381Z	1				0	0	0	0	0	0			0	1		0		0		0	0	0
2024-01-10T01:21:13.966Z	1				0	0	0	0	0	0			0	1		0		0		0	0	0
2024-01-11T01:20:59.725Z	1				0	0	0	0	0	0			0	1		0		0		0	0	0
2024-01-12T01:21:17.516Z	1				0	0	0	0	0	0			0	1		0		0		0	0	0
2024-01-13T01:20:09.858Z	1				0	0	0	0	0	0			0	1		0		0		0	0	0
2024-01-14T01:26:23.834Z	1				0	0	0	0	0	0			0	1		0		0		0	0	0
2024-01-15T01:23:16.814Z	1				0	0	0	0	0	0			0	1		0		0		0	0	0
2024-01-16T01:20:44.742Z	1				0	0	0	0	0	0			0	1		0		0		0	0	0
2024-01-17T01:21:23.494Z	1				0	0	0	0	0	0			0	1		0		0		0	0	0
2024-01-18T01:20:38.895Z	1				0	0	0	0	0	0			0	1		0		0		0	0	0
2024-01-19T01:21:44.658Z	1				0	0	0	0	0	0			0	1		0		0		0	0	0
2024-01-20T01:20:10.557Z	1				0	0	0	0	0	0			0	1		0		0		0	0	0
2024-01-21T01:29:44.655Z	1				0	0	0	0	0	0			0	1		0		0		0	0	0
2024-01-22T01:24:19.409Z	1				0	0	0	0	0	0			0	1		0		0		0	0	0
2024-01-23T01:22:21.748Z	1				0	0	0	0	0	0			0	1		0		0		0	0	0
2024-01-24T01:22:15.646Z	1				0	0	0	0	0	0			0	1		0		0		0	0	0
2024-01-25T01:22:35.243Z	1				0	0	0	0	0	0			0	1		0		0		0	0	0
2024-01-26T01:16:21.471Z	1				0	0	0	0	0	0			0	1		0		0		0	0	0
2024-01-27T01:13:52.604Z	1				0	0	0	0	0	0			0	1		0		0		0	0	0
2024-01-28T01:19:51.736Z	1				0	0	0	0	0	0			0	1		0		0		0	0	0
2024-01-29T01:15:26.053Z	1				0	0	0	0	0	0			0	1		0		0		0	0	0
2024-01-30T01:14:49.274Z	1				0	0	0	0	0	0			0	1		0		0		0	0	0
2024-01-31T01:15:38.428Z	1				0	0	0	0	0	0			0	1		0		0		0	0	0
2024-02-01T01:18:57.566Z	1				0	0	0	0	0	0			0	1		0		0		0	0	0
2024-02-02T01:14:51.108Z	1				0	0	0	0	0	0			0	1		0		0		0	0	0
2024-02-03T01:13:31.914Z	1				0	0	0	0	0	0			0	1		0		0		0	0	0
2024-02-04T01:19:46.896Z	1				0	0	0	0	0	0			0	1		0		0		0	0	0
2024-02-05T01:17:05.921Z	1				0	0	0	0	0	0			0	1		0		0		0	0	0
2024-02-06T01:14:49.431Z	1				0	0	0	0	0	0			0	1		0		0		0	0	0
2024-02-07T01:13:14.473Z	1				0	0	0	0	0	0			0	1		0		0		0	0	0
2024-02-08T01:13:42.136Z	1				0	0	0	0	0	0			0	1		0		0		0	0	0
2024-02-09T01:13:43.398Z	1				0	0	0	0	0	0			0	1		0		0		0	0	0
2024-02-10T01:12:26.877Z	1				0	0	0	0	0	0			0	1		0		0		0	0	0
2024-02-11T01:19:46.239Z	1				0	0	0	0	0	0			0	1		0		0		0	0	0
2024-02-12T01:14:55.855Z	1				0	0	0	0	0	0			0	1		0		0		0	0	0
2024-02-13T01:15:09.937Z	1				0	0	0	0	0	0			0	1		0		0		0	0	0
2024-02-14T01:15:14.793Z	1				0	0	0	0	0	0			0	1		0		0		0	0	0
2024-02-15T01:14:53.663Z	1				0	0	0	0	0	0			0	1		0		0		0	0	0
2024-02-16T01:14:32.765Z	1				0	0	0	0	0	0			0	1		0		0		0	0	0
2024-02-17T01:14:06.504Z	1				0	0	0	0	0	0			0	1		0		0		0	0	0
2024-02-18T01:18:58.314Z	1				0	0	0	0	0	0			0	1		0		0		0	0	0
2024-02-19T01:15:54.750Z	1				0	0	0	0	0	0			0	1		0		0		0	0	0
2024-02-20T01:13:34.836Z	1				0	0	0	0	0	0			0	1		0		0		0	0	0
2024-02-21T01:14:51.424Z	1				0	0	0	0	0	0			0	1		0		0		0	0	0
2024-02-22T01:14:19.870Z	1				0	0	0	0	0	0			0	1		0		0		0	0	0
2024-02-23T01:13:33.554Z	1				0	0	0	0	0	0			0	1		0		0		0	0	0
2024-02-24T01:11:41.382Z	1				0	0	0	0	0	0			0	1		0		0		0	0	0
2024-02-25T01:18:49.643Z	1				0	0	0	0	0	0			0	1		0		0		0	0	0
2024-02-26T01:16:03.279Z	1				0	0	0	0	0	0			0	1		0		0		0	0	0
2024-02-27T01:13:43.035Z	1				0	0	0	0	0	0			0	1		0		0		0	0	0
2024-02-28T01:13:19.404Z	1				0	0	0	0	0	0			0	1		0		0		0	0	0
2024-02-29T01:13:48.580Z	1				0	0	0	0	0	0			0	1		0		0		0	0	0
2024-03-01T01:20:07.047Z	1				0	0	0	0	0	0			0	1		0		0		0	0	0
2024-03-02T01:12:16.159Z	1				0	0	0	0	0	0			0	1		0		0		0	0	0
2024-03-03T01:17:53.022Z	1				0	0	0	0	0	0			0	1		0		0		0	0	0
2024-03-04T01:15:09.009Z	1				0	0	0	0	0	0			0	1		0		0		0	0	0
2024-03-05T01:13:53.176Z	1				0	0	0	0	0	0			0	1		0		0		0	0	0
2024-03-06T01:14:27.896Z	1				0	0	0	0	0	0			0	1		0		0		0	0	0
2024-03-07T01:01:37.685Z	1				0	0	0	0	0	0			0	1		0		0		0	0	0
2024-03-08T01:14:25.532Z	1				0	0	0	0	0	0			0	1		0		0		0	0	0
2024-03-09T01:11:23.971Z	1				0	0	0	0	0	0			0	1		0		0		0	0	0
2024-03-10T01:18:55.988Z	1				0	0	0	0	0	0			0	1		0		0		0	0	0
2024-03-11T01:15:12.159Z	1				0	0	0	0	0	0			0	1		0		0		0	0	0
2024-03-12T01:13:51.581Z	1				0	0	0	0	0	0			0	1		0		0		0	0	0
2024-03-13T01:15:59.245Z	1				0	0	0	0	0	0			0	1		0		0		0	0	0
2024-03-14T01:14:26.270Z	1				0	0	0	0	0	0			0	1		0		0		0	0	0
2024-03-15T01:15:18.041Z	1				0	0	0	0	0	0			0	1		0		0		0	0	0
2024-03-16T01:13:14.768Z	1				0	0	0	0	0	0			0	1		0		0		0	0	0
2024-03-17T01:19:26.312Z	1				0	0	0	0	0	0			0	1		0		0		0	0	0
2024-03-18T01:15:29.448Z	1				0	0	0	0	0	0			0	1		0		0		0	0	0
2024-03-19T01:15:20.850Z	1				0	0	0	0	0	0			0	1		0		0		0	0	0
2024-03-20T01:14:41.877Z	1				0	0	0	0	0	0			0	1		0		0		0	0	0
2024-03-21T01:15:53.430Z	1				0	0	0	0	0	0			0	1		0		0		0	0	0
2024-03-22T01:14:35.596Z	1				0	0	0	0	0	0			0	1		0		0		0	0	0
2024-03-23T01:13:20.128Z	1				0	0	0	0	0	0			0	1		0		0		0	0	0
2024-03-24T01:21:27.459Z	1				0	0	0	0	0	0			0	1		0		0		0	0	0
2024-03-25T01:16:49.806Z	1				0	0	0	0	0	0			0	1		0		0		0	0	0
2024-03-26T01:14:55.220Z	1				0	0	0	0	0	0			0	1		0		0		0	0	0
2024-03-27T01:14:46.205Z	1				0	0	0	0	0	0			0	1		0		0		0	0	0
2024-03-28T01:15:19.461Z	1				0	0	0	0	0	0			0	1		0		0		0	0	0
